<?xml version="1.0" encoding="UTF-8" ?>
<!DOCTYPE mapper PUBLIC "-//mybatis.org//DTD Mapper 3.0//EN" "http://mybatis.org/dtd/mybatis-3-mapper.dtd" >
<!-- 使用xml文件形式 -->
<!-- 或者直接在映射接口使用注解形式 -->
<!-- 用户注册模块 -->
<mapper namespace="nuc.edu.cn.cx.dao.UserDao" >
	
	<!-- 用户添加 -->
	<insert id="addUser" parameterType="User">
		insert into t_user(id,nickname,password,repassword,name,email,sex,age,tel)
		values(seq_user.nextval,#{nickname},#{password},#{repassword},#{name},#{email},#{sex},#{age},#{tel}) 
	</insert>
	
	<!-- 用户删除 -->
	<delete id="deleteUser" parameterType="int">
		delete from t_user
		where id=#{id}
	</delete>
	
	<!-- 用户修改 -->
	<update id="modifyUser" parameterType="int">
		update t_user
		set nickname=#{nickname},password=#{password},repassword=#{repassword},name=#{name},email=#{email},sex=#{sex},age=#{age},tel=#{tel}
		where id=#{id}
	</update>
	
	<!-- 用户登录时使用 -->
	<select id="selectUser" parameterType="User" resultType="User">
		select *
		from t_user
		where nickname=#{nickname} and password=#{password}
	</select>
	
</mapper>